petId,name,species,breed,age,ownerName
101,Bruno,Dog,Labrador,3,Aarav
102,Luna,Cat,Persian,2,Diya
103,Max,Dog,Beagle,5,Ishaan
104,Bella,Cat,Siamese,4,Meera
105,Charlie,Dog,Pug,1,Rohan
106,Coco,Parrot,Macaw,7,Kavya
107,Rocky,Dog,Golden Retriever,6,Vivaan
108,Daisy,Cat,Tabby,3,Anaya
109,Milo,Rabbit,Lop,2,Aarav
110,Lucy,Dog,Beagle,4,Diya
111,Oscar,Cat,Persian,1,Ishaan
112,Lily,Hamster,Syrian,1,Meera
113,Buddy,Dog,German Shepherd,7,Rohan
114,Molly,Cat,Tabby,5,Kavya
115,Cooper,Dog,Labrador,2,Vivaan
116,Chloe,Cat,Siamese,3,Anaya
117,Bear,Dog,Pug,4,Aarav
118,Nala,Cat,Mixed,6,Diya
119,Duke,Dog,Golden Retriever,8,Ishaan
120,Kitty,Cat,Persian,2,Meera
121,Archie,Rabbit,Rex,1,Rohan
122,Rosie,Dog,Labrador,5,Kavya
123,Tiger,Cat,Tabby,3,Vivaan
124,Jasper,Dog,Beagle,2,Anaya
125,Misty,Cat,Siamese,4,Aarav
126,Oliver,Parrot,Cockatiel,5,Diya
127,Penny,Dog,Pug,3,Ishaan
128,Shadow,Cat,Mixed,7,Meera
129,Zeus,Dog,German Shepherd,9,Rohan
130,Noodle,Rabbit,Lop,1,Kavya
131,Pepper,Cat,Persian,2,Vivaan
132,Rusty,Dog,Labrador,4,Anaya
133,Patches,Cat,Tabby,3,Aarav
134,Hunter,Dog,Beagle,6,Diya
135,Ginger,Hamster,Syrian,1,Ishaan
136,Oreo,Dog,Pug,2,Meera
137,Whiskers,Cat,Siamese,5,Rohan
138,Loki,Dog,Golden Retriever,3,Kavya
139,Biscuit,Cat,Mixed,4,Vivaan
140,Pikachu,Hamster,Syrian,1,Anaya
141,Simba,Cat,Tabby,6,Aarav
142,Diesel,Dog,German Shepherd,8,Diya
143,Pearl,Rabbit,Rex,2,Ishaan
144,Teddy,Dog,Labrador,3,Meera
145,Cookie,Cat,Persian,1,Rohan
